from,to
周杰伦,罗志祥
周杰伦,萧敬腾
周杰伦,周华健
周杰伦,后弦
周杰伦,任贤齐
周杰伦,苏打绿
周杰伦,黄小琥
周杰伦,梁静茹
周杰伦,杨丞琳
周杰伦,杨宗纬
周杰伦,王力宏
周杰伦,王菲
周杰伦,张震岳
周杰伦,tank
周杰伦,蔡依林
刘若英,辛晓琪
刘若英,梁静茹
刘若英,beyond
刘若英,杨宗纬
刘若英,张靓颖
刘若英,周杰伦
刘若英,周传雄
刘若英,杨幂
刘若英,周华健
刘若英,曲婉婷
刘若英,凤凰传奇
刘若英,林志炫
刘若英,王菲
刘若英,陈奕迅
刘若英,萧亚轩
刘若英,汪峰
刘若英,张信哲
刘若英,任贤齐
刘若英,苏打绿
刘若英,黄小琥
凤凰传奇,大庆小芳
凤凰传奇,梁静茹
凤凰传奇,群星
凤凰传奇,侃侃
凤凰传奇,慕容晓晓
凤凰传奇,邓丽君
凤凰传奇,周传雄
凤凰传奇,杭娇
凤凰传奇,周华健
凤凰传奇,曾春年
凤凰传奇,玖月奇迹
凤凰传奇,斯琴高丽
凤凰传奇,任贤齐
凤凰传奇,谢军
凤凰传奇,伍佰
凤凰传奇,祁隆
凤凰传奇,姜玉阳
凤凰传奇,黄小琥
凤凰传奇,陈娟儿
凤凰传奇,王菲
凤凰传奇,卓依婷
凤凰传奇,美二蛋
凤凰传奇,蔡依林
大庆小芳,程序猿
